{"mean":{"confidence_interval":{"confidence_level":0.95,"lower_bound":169915108.55249998,"upper_bound":170861045.55174997},"point_estimate":170363524.5,"standard_error":242178.41171601103},"median":{"confidence_interval":{"confidence_level":0.95,"lower_bound":169032937.5,"upper_bound":170392625.0},"point_estimate":169233062.0,"standard_error":326125.53219452157},"median_abs_dev":{"confidence_interval":{"confidence_level":0.95,"lower_bound":1005511.9042485952,"upper_bound":2486382.425057888},"point_estimate":1432531.0899674892,"standard_error":384502.1759225609},"slope":null,"std_dev":{"confidence_interval":{"confidence_level":0.95,"lower_bound":1869627.4874587704,"upper_bound":3028625.328739902},"point_estimate":2439361.7770655905,"standard_error":301261.1678007283}}